# Hosts whose URL path starts with /ha/ /ig/ /yo/ (and hau/ibo/yor), from the 4,305+ labelled docs.
# Sorted by hand from host name and sample URL: drop = machine-translated site, keep = real publisher.
host	decision	reason
tour-florence.info	drop	foreign commercial site (shop, manufacturer, tool, promo), language folder from a translation plugin
211md.org	drop	foreign commercial site (shop, manufacturer, tool, promo), language folder from a translation plugin
films-pour-enfants.com	drop	foreign commercial site (shop, manufacturer, tool, promo), language folder from a translation plugin
www.teyuchiller.com	drop	foreign commercial site (shop, manufacturer, tool, promo), language folder from a translation plugin
lifehimalayatrekking.com	drop	foreign commercial site (shop, manufacturer, tool, promo), language folder from a translation plugin
www.naviforce.com	drop	foreign commercial site (shop, manufacturer, tool, promo), language folder from a translation plugin
www.themigrantproject.org	keep	migrant-information NGO aimed at West Africans
www.jw.org	keep	Jehovah's Witnesses, human-translated religious publisher
www.roypow.com	drop	foreign commercial site (shop, manufacturer, tool, promo), language folder from a translation plugin
www.dekoloniale.de	keep	Berlin decolonial memory project, commissioned translations
entrustcare.com	drop	foreign commercial site (shop, manufacturer, tool, promo), language folder from a translation plugin
www.chinabozhi.com	drop	foreign commercial site (shop, manufacturer, tool, promo), language folder from a translation plugin
www.epoxyadhesiveglue.com	drop	foreign commercial site (shop, manufacturer, tool, promo), language folder from a translation plugin
www.kerava.fi	keep	Finnish municipality, public-service page
www.solidsmack.com	drop	foreign commercial site (shop, manufacturer, tool, promo), language folder from a translation plugin
www.paknpack.com	drop	foreign commercial site (shop, manufacturer, tool, promo), language folder from a translation plugin
kuasark.com	drop	foreign commercial site (shop, manufacturer, tool, promo), language folder from a translation plugin
una-oic.org	keep	OIC news agency, edited Hausa news service
www.xingluchemical.com	drop	foreign commercial site (shop, manufacturer, tool, promo), language folder from a translation plugin
www.protectionappeals.ie	keep	Irish government tribunal, public information
www.cnqdsonic.com	drop	foreign commercial site (shop, manufacturer, tool, promo), language folder from a translation plugin
dekoloniale.de	keep	same project as www.dekoloniale.de
imagecolorpicker.com	drop	foreign commercial site (shop, manufacturer, tool, promo), language folder from a translation plugin
rollza.in	drop	foreign commercial site (shop, manufacturer, tool, promo), language folder from a translation plugin
www.apollohospitals.com	drop	foreign commercial site (shop, manufacturer, tool, promo), language folder from a translation plugin
www.ledyilighting.com	drop	foreign commercial site (shop, manufacturer, tool, promo), language folder from a translation plugin
www.jguru.com	drop	foreign commercial site (shop, manufacturer, tool, promo), language folder from a translation plugin
abovethehimalaya.com	drop	foreign commercial site (shop, manufacturer, tool, promo), language folder from a translation plugin
www.essexcompass.org.uk	drop	foreign commercial site (shop, manufacturer, tool, promo), language folder from a translation plugin
iptvduplex.com	drop	foreign commercial site (shop, manufacturer, tool, promo), language folder from a translation plugin
iqna.ir	keep	Iranian Quran news agency, Hausa desk
www.hermessteel.net	drop	foreign commercial site (shop, manufacturer, tool, promo), language folder from a translation plugin
www.propowenergy.com	drop	foreign commercial site (shop, manufacturer, tool, promo), language folder from a translation plugin
www.onward-cashmere.com	drop	foreign commercial site (shop, manufacturer, tool, promo), language folder from a translation plugin
www.gpprintpack.com	drop	foreign commercial site (shop, manufacturer, tool, promo), language folder from a translation plugin
www.shortsnoob.link	drop	foreign commercial site (shop, manufacturer, tool, promo), language folder from a translation plugin
www.shower-door-hinges.com	drop	foreign commercial site (shop, manufacturer, tool, promo), language folder from a translation plugin
po.trade	drop	foreign commercial site (shop, manufacturer, tool, promo), language folder from a translation plugin
www.bijoubisous.com	drop	foreign commercial site (shop, manufacturer, tool, promo), language folder from a translation plugin
parstoday.ir	keep	Pars Today, Iranian state radio Hausa service
overflowcafe.com	drop	foreign commercial site (shop, manufacturer, tool, promo), language folder from a translation plugin
www.meetaugust.ai	drop	foreign commercial site (shop, manufacturer, tool, promo), language folder from a translation plugin
www.iflowpower.com	drop	foreign commercial site (shop, manufacturer, tool, promo), language folder from a translation plugin
www.tiankon.com	drop	foreign commercial site (shop, manufacturer, tool, promo), language folder from a translation plugin
m.trade.study	drop	foreign commercial site (shop, manufacturer, tool, promo), language folder from a translation plugin
www.dar-alifta.org	keep	Egyptian fatwa authority, translated religious rulings
www.djmolding.com	drop	foreign commercial site (shop, manufacturer, tool, promo), language folder from a translation plugin
www.xgsunrfid.com	drop	foreign commercial site (shop, manufacturer, tool, promo), language folder from a translation plugin
www.topahydraulic.com	drop	foreign commercial site (shop, manufacturer, tool, promo), language folder from a translation plugin
www.siruautopartsfactory.com	drop	foreign commercial site (shop, manufacturer, tool, promo), language folder from a translation plugin
www.xiigoo.com	drop	foreign commercial site (shop, manufacturer, tool, promo), language folder from a translation plugin
www.xingzirain.com	drop	foreign commercial site (shop, manufacturer, tool, promo), language folder from a translation plugin
dashboard.shadowserver.org	drop	foreign commercial site (shop, manufacturer, tool, promo), language folder from a translation plugin
vpninfo.dk	drop	foreign commercial site (shop, manufacturer, tool, promo), language folder from a translation plugin
www.goldmarklaser.com	drop	foreign commercial site (shop, manufacturer, tool, promo), language folder from a translation plugin
www.microsoft.com	drop	foreign commercial site (shop, manufacturer, tool, promo), language folder from a translation plugin
www.greenwich-health.com	drop	foreign commercial site (shop, manufacturer, tool, promo), language folder from a translation plugin
www.gazfull.com	drop	foreign commercial site (shop, manufacturer, tool, promo), language folder from a translation plugin
www.hongzhousmart.com	drop	foreign commercial site (shop, manufacturer, tool, promo), language folder from a translation plugin
www.huaantraffic.com	drop	foreign commercial site (shop, manufacturer, tool, promo), language folder from a translation plugin
www.micron-filter.com	drop	foreign commercial site (shop, manufacturer, tool, promo), language folder from a translation plugin
rakko.tools	drop	foreign commercial site (shop, manufacturer, tool, promo), language folder from a translation plugin
www.photosforsouls.com	drop	foreign commercial site (shop, manufacturer, tool, promo), language folder from a translation plugin
www.automotivemould.com	drop	foreign commercial site (shop, manufacturer, tool, promo), language folder from a translation plugin
www.eryone.com	drop	foreign commercial site (shop, manufacturer, tool, promo), language folder from a translation plugin
www.filelem.com	drop	foreign commercial site (shop, manufacturer, tool, promo), language folder from a translation plugin
www.forkliftbatterymanufacturer.com	drop	foreign commercial site (shop, manufacturer, tool, promo), language folder from a translation plugin
www.sakysteel.com	drop	foreign commercial site (shop, manufacturer, tool, promo), language folder from a translation plugin
salam.life	drop	foreign commercial site (shop, manufacturer, tool, promo), language folder from a translation plugin
klickpin.com	drop	foreign commercial site (shop, manufacturer, tool, promo), language folder from a translation plugin
www.coinsbee.com	drop	foreign commercial site (shop, manufacturer, tool, promo), language folder from a translation plugin
www.cheerpackaging.com	drop	foreign commercial site (shop, manufacturer, tool, promo), language folder from a translation plugin
www.sunivision.com	drop	foreign commercial site (shop, manufacturer, tool, promo), language folder from a translation plugin
www.sunlead-tech.com	drop	foreign commercial site (shop, manufacturer, tool, promo), language folder from a translation plugin
pocketoption.com	drop	foreign commercial site (shop, manufacturer, tool, promo), language folder from a translation plugin
quickremove.it	drop	foreign commercial site (shop, manufacturer, tool, promo), language folder from a translation plugin
www.ini-hydraulic.com	drop	foreign commercial site (shop, manufacturer, tool, promo), language folder from a translation plugin
pokeruni.africa	drop	foreign commercial site (shop, manufacturer, tool, promo), language folder from a translation plugin
www.ytairspring.com	drop	foreign commercial site (shop, manufacturer, tool, promo), language folder from a translation plugin
www.ycsline.com	drop	foreign commercial site (shop, manufacturer, tool, promo), language folder from a translation plugin
www.voerly.com	drop	foreign commercial site (shop, manufacturer, tool, promo), language folder from a translation plugin
www.tonva-pet.com	drop	foreign commercial site (shop, manufacturer, tool, promo), language folder from a translation plugin
www.topjoyspcfloor.com	drop	foreign commercial site (shop, manufacturer, tool, promo), language folder from a translation plugin
www.aixton-6g.com	drop	foreign commercial site (shop, manufacturer, tool, promo), language folder from a translation plugin
www.directory.trade-free.org	drop	foreign commercial site (shop, manufacturer, tool, promo), language folder from a translation plugin
www.boyuemetalco.com	drop	foreign commercial site (shop, manufacturer, tool, promo), language folder from a translation plugin
www.bradfordvts.co.uk	drop	foreign commercial site (shop, manufacturer, tool, promo), language folder from a translation plugin
www.callmama.com	drop	foreign commercial site (shop, manufacturer, tool, promo), language folder from a translation plugin
www.iwildland.com	drop	foreign commercial site (shop, manufacturer, tool, promo), language folder from a translation plugin
www.aeonlaser.net	drop	foreign commercial site (shop, manufacturer, tool, promo), language folder from a translation plugin
www.ahpipecladding.com	drop	foreign commercial site (shop, manufacturer, tool, promo), language folder from a translation plugin
pacs008.com	drop	foreign commercial site (shop, manufacturer, tool, promo), language folder from a translation plugin
www.lifepo4golfcartbattery.com	drop	foreign commercial site (shop, manufacturer, tool, promo), language folder from a translation plugin
www.longrunobc.com	drop	foreign commercial site (shop, manufacturer, tool, promo), language folder from a translation plugin
www.lugas-ags.com	drop	foreign commercial site (shop, manufacturer, tool, promo), language folder from a translation plugin
www.magiccross.sg	drop	foreign commercial site (shop, manufacturer, tool, promo), language folder from a translation plugin
www.img2go.com	drop	foreign commercial site (shop, manufacturer, tool, promo), language folder from a translation plugin
www.invicinity.ai	drop	foreign commercial site (shop, manufacturer, tool, promo), language folder from a translation plugin
postimages.org	drop	foreign commercial site (shop, manufacturer, tool, promo), language folder from a translation plugin
www.jzleduv.com	drop	foreign commercial site (shop, manufacturer, tool, promo), language folder from a translation plugin
www.kefa-valves.com	drop	foreign commercial site (shop, manufacturer, tool, promo), language folder from a translation plugin
kulmanlab.com	drop	foreign commercial site (shop, manufacturer, tool, promo), language folder from a translation plugin
www.mobepas.com	drop	foreign commercial site (shop, manufacturer, tool, promo), language folder from a translation plugin
www.modernfox.cn	drop	foreign commercial site (shop, manufacturer, tool, promo), language folder from a translation plugin
www.ksdcnc.com	drop	foreign commercial site (shop, manufacturer, tool, promo), language folder from a translation plugin
www.lanshengpumps.com	drop	foreign commercial site (shop, manufacturer, tool, promo), language folder from a translation plugin
rolecatcher.com	drop	foreign commercial site (shop, manufacturer, tool, promo), language folder from a translation plugin
lingocard.com	drop	foreign commercial site (shop, manufacturer, tool, promo), language folder from a translation plugin
www.home-safe.me	drop	foreign commercial site (shop, manufacturer, tool, promo), language folder from a translation plugin
www.hsbigsugar.com	drop	foreign commercial site (shop, manufacturer, tool, promo), language folder from a translation plugin
www.hzheating.com	drop	foreign commercial site (shop, manufacturer, tool, promo), language folder from a translation plugin
www.goldenlaser.cc	drop	foreign commercial site (shop, manufacturer, tool, promo), language folder from a translation plugin
www.fuliterpaperbox.com	drop	foreign commercial site (shop, manufacturer, tool, promo), language folder from a translation plugin
www.furniture-suppliers.com	drop	foreign commercial site (shop, manufacturer, tool, promo), language folder from a translation plugin
www.glamorled.com	drop	foreign commercial site (shop, manufacturer, tool, promo), language folder from a translation plugin
www.arabellaclothing.com	drop	foreign commercial site (shop, manufacturer, tool, promo), language folder from a translation plugin
www.arisenshine.org	drop	foreign commercial site (shop, manufacturer, tool, promo), language folder from a translation plugin
www.atribecalledqueer.org	drop	foreign commercial site (shop, manufacturer, tool, promo), language folder from a translation plugin
www.markmallett.com	drop	foreign commercial site (shop, manufacturer, tool, promo), language folder from a translation plugin
www.mcytech.com	drop	foreign commercial site (shop, manufacturer, tool, promo), language folder from a translation plugin
www.miwind.top	drop	foreign commercial site (shop, manufacturer, tool, promo), language folder from a translation plugin
www.medodoor.com	drop	foreign commercial site (shop, manufacturer, tool, promo), language folder from a translation plugin
www.meetujewelry.com	drop	foreign commercial site (shop, manufacturer, tool, promo), language folder from a translation plugin
tabriz.iqna.ir	keep	IQNA regional desk, Hausa news
www.hbhuarenyl.com	drop	foreign commercial site (shop, manufacturer, tool, promo), language folder from a translation plugin
www.qianengnewenergy.com	drop	foreign commercial site (shop, manufacturer, tool, promo), language folder from a translation plugin
www.pestopack.com	drop	foreign commercial site (shop, manufacturer, tool, promo), language folder from a translation plugin
www.philippwinterberg.com	drop	foreign commercial site (shop, manufacturer, tool, promo), language folder from a translation plugin
www.phonehubb.com	drop	foreign commercial site (shop, manufacturer, tool, promo), language folder from a translation plugin
www.gracemedy.com	drop	foreign commercial site (shop, manufacturer, tool, promo), language folder from a translation plugin
www.greenfirgroup.com	drop	foreign commercial site (shop, manufacturer, tool, promo), language folder from a translation plugin
www.haishenchem.com	drop	foreign commercial site (shop, manufacturer, tool, promo), language folder from a translation plugin
www.ebook2edit.com	drop	foreign commercial site (shop, manufacturer, tool, promo), language folder from a translation plugin
www.ec3dao.com	drop	foreign commercial site (shop, manufacturer, tool, promo), language folder from a translation plugin
www.feedance.com	drop	foreign commercial site (shop, manufacturer, tool, promo), language folder from a translation plugin
www.ensmarpower.com	drop	foreign commercial site (shop, manufacturer, tool, promo), language folder from a translation plugin
www.newsgater.com	drop	foreign commercial site (shop, manufacturer, tool, promo), language folder from a translation plugin
www.nantongjulysports.com	drop	foreign commercial site (shop, manufacturer, tool, promo), language folder from a translation plugin
www.postergirlmarketing.com	drop	foreign commercial site (shop, manufacturer, tool, promo), language folder from a translation plugin
www.oceanmoonflower.com	drop	foreign commercial site (shop, manufacturer, tool, promo), language folder from a translation plugin
www.enviro-materials.com	drop	foreign commercial site (shop, manufacturer, tool, promo), language folder from a translation plugin
www.free-ai-online.com	drop	foreign commercial site (shop, manufacturer, tool, promo), language folder from a translation plugin
www.cnouli.com	drop	foreign commercial site (shop, manufacturer, tool, promo), language folder from a translation plugin
www.soontruepackaging.com	drop	foreign commercial site (shop, manufacturer, tool, promo), language folder from a translation plugin
www.starskychemical.com	drop	foreign commercial site (shop, manufacturer, tool, promo), language folder from a translation plugin
www.ruimaotech.com	drop	foreign commercial site (shop, manufacturer, tool, promo), language folder from a translation plugin
www.rotec-hid.com	drop	foreign commercial site (shop, manufacturer, tool, promo), language folder from a translation plugin
www.cooler-products.com	drop	foreign commercial site (shop, manufacturer, tool, promo), language folder from a translation plugin
www.chenglanghardware.com	drop	foreign commercial site (shop, manufacturer, tool, promo), language folder from a translation plugin
www.chinamelamine.com	drop	foreign commercial site (shop, manufacturer, tool, promo), language folder from a translation plugin
www.untlaserbeauty.com	drop	foreign commercial site (shop, manufacturer, tool, promo), language folder from a translation plugin
www.venace.com	drop	foreign commercial site (shop, manufacturer, tool, promo), language folder from a translation plugin
xiaomiui.net	drop	foreign commercial site (shop, manufacturer, tool, promo), language folder from a translation plugin
www.tianjin-artificialflowers.com	drop	foreign commercial site (shop, manufacturer, tool, promo), language folder from a translation plugin
www.tibbo-glass.com	drop	foreign commercial site (shop, manufacturer, tool, promo), language folder from a translation plugin
www.carbonfibertelescopicpole.com	drop	foreign commercial site (shop, manufacturer, tool, promo), language folder from a translation plugin
hadeethenc.com	keep	Hadith encyclopedia, human-translated
healthcheckbox.com	drop	foreign commercial site (shop, manufacturer, tool, promo), language folder from a translation plugin
www.yuanqielevator.com	drop	foreign commercial site (shop, manufacturer, tool, promo), language folder from a translation plugin
ciris.ai	drop	foreign commercial site (shop, manufacturer, tool, promo), language folder from a translation plugin
embed.tube	drop	foreign commercial site (shop, manufacturer, tool, promo), language folder from a translation plugin
doveinternational.com	drop	foreign commercial site (shop, manufacturer, tool, promo), language folder from a translation plugin
digitalchildrights.org	keep	child-rights NGO, commissioned Hausa translation
ayurveda-app.com	drop	foreign commercial site (shop, manufacturer, tool, promo), language folder from a translation plugin
bibleai.com	drop	foreign commercial site (shop, manufacturer, tool, promo), language folder from a translation plugin
boo.world	drop	foreign commercial site (shop, manufacturer, tool, promo), language folder from a translation plugin
ambitionhimalaya.com	drop	foreign commercial site (shop, manufacturer, tool, promo), language folder from a translation plugin
autoformbuilder.com	drop	foreign commercial site (shop, manufacturer, tool, promo), language folder from a translation plugin
xygeni.io	drop	foreign commercial site (shop, manufacturer, tool, promo), language folder from a translation plugin
aivideodub.com	drop	foreign commercial site (shop, manufacturer, tool, promo), language folder from a translation plugin
aluminatiles.com	drop	foreign commercial site (shop, manufacturer, tool, promo), language folder from a translation plugin
amp.dw.com	keep	Deutsche Welle Hausa service
android-ios-app-entwicklung-programmierung.de	drop	foreign commercial site (shop, manufacturer, tool, promo), language folder from a translation plugin
articles.opexflow.com	drop	foreign commercial site (shop, manufacturer, tool, promo), language folder from a translation plugin
ats-netherlands.com	drop	foreign commercial site (shop, manufacturer, tool, promo), language folder from a translation plugin
balticbet.net	drop	foreign commercial site (shop, manufacturer, tool, promo), language folder from a translation plugin
birjand.iqna.ir	keep	IQNA regional desk, Hausa news
blog.hb-steel.com	drop	foreign commercial site (shop, manufacturer, tool, promo), language folder from a translation plugin
blog.magforms.com	drop	foreign commercial site (shop, manufacturer, tool, promo), language folder from a translation plugin
blog.plag.ai	drop	foreign commercial site (shop, manufacturer, tool, promo), language folder from a translation plugin
bozhoumarine.com	drop	foreign commercial site (shop, manufacturer, tool, promo), language folder from a translation plugin
www.xkmtmachinery.com	drop	foreign commercial site (shop, manufacturer, tool, promo), language folder from a translation plugin
www.xmhsr.com	drop	foreign commercial site (shop, manufacturer, tool, promo), language folder from a translation plugin
www.xtj-castings.com	drop	foreign commercial site (shop, manufacturer, tool, promo), language folder from a translation plugin
www.xysfitness.com	drop	foreign commercial site (shop, manufacturer, tool, promo), language folder from a translation plugin
www.xyymetal.com	drop	foreign commercial site (shop, manufacturer, tool, promo), language folder from a translation plugin
www.tkglight.com	drop	foreign commercial site (shop, manufacturer, tool, promo), language folder from a translation plugin
www.tmax-tool.com	drop	foreign commercial site (shop, manufacturer, tool, promo), language folder from a translation plugin
www.togloss.com	drop	foreign commercial site (shop, manufacturer, tool, promo), language folder from a translation plugin
www.tftsupplier.com	drop	foreign commercial site (shop, manufacturer, tool, promo), language folder from a translation plugin
www.tgmachinetech.com	drop	foreign commercial site (shop, manufacturer, tool, promo), language folder from a translation plugin
www.thenightowl.ai	drop	foreign commercial site (shop, manufacturer, tool, promo), language folder from a translation plugin
www.thermtriton.com	drop	foreign commercial site (shop, manufacturer, tool, promo), language folder from a translation plugin
www.tianhemachinery.com	drop	foreign commercial site (shop, manufacturer, tool, promo), language folder from a translation plugin
lorestan.iqna.ir	keep	IQNA regional desk, Hausa news
luckyaviator.net	drop	foreign commercial site (shop, manufacturer, tool, promo), language folder from a translation plugin
m.p.finance	drop	foreign commercial site (shop, manufacturer, tool, promo), language folder from a translation plugin
m.pocketoption.com	drop	foreign commercial site (shop, manufacturer, tool, promo), language folder from a translation plugin
mazandaran.iqna.ir	keep	IQNA regional desk, Hausa news
www.topsermetal.com	drop	foreign commercial site (shop, manufacturer, tool, promo), language folder from a translation plugin
www.tigerkingsafe.com	drop	foreign commercial site (shop, manufacturer, tool, promo), language folder from a translation plugin
www.tjtgsteel.com	drop	foreign commercial site (shop, manufacturer, tool, promo), language folder from a translation plugin
minnagan.com	drop	foreign commercial site (shop, manufacturer, tool, promo), language folder from a translation plugin
naturmedscientific.com	drop	foreign commercial site (shop, manufacturer, tool, promo), language folder from a translation plugin
nexaesim.com	drop	foreign commercial site (shop, manufacturer, tool, promo), language folder from a translation plugin
nextwaves.com	drop	foreign commercial site (shop, manufacturer, tool, promo), language folder from a translation plugin
niger-news.com	keep	Niger news outlet written in Hausa
nolimits.church	drop	foreign commercial site (shop, manufacturer, tool, promo), language folder from a translation plugin
nosigner.com	drop	foreign commercial site (shop, manufacturer, tool, promo), language folder from a translation plugin
looptube.net	drop	foreign commercial site (shop, manufacturer, tool, promo), language folder from a translation plugin
www.wylifting.com	drop	foreign commercial site (shop, manufacturer, tool, promo), language folder from a translation plugin
www.uvcureadhesive.com	drop	foreign commercial site (shop, manufacturer, tool, promo), language folder from a translation plugin
www.vastenledsign.com	drop	foreign commercial site (shop, manufacturer, tool, promo), language folder from a translation plugin
www.vedacomm.com	drop	foreign commercial site (shop, manufacturer, tool, promo), language folder from a translation plugin
www.venttopurifier.com	drop	foreign commercial site (shop, manufacturer, tool, promo), language folder from a translation plugin
www.vevez.com	drop	foreign commercial site (shop, manufacturer, tool, promo), language folder from a translation plugin
www.vickshydraulic.com	drop	foreign commercial site (shop, manufacturer, tool, promo), language folder from a translation plugin
melbet.plus	drop	foreign commercial site (shop, manufacturer, tool, promo), language folder from a translation plugin
www.aluminum-supply.com	drop	foreign commercial site (shop, manufacturer, tool, promo), language folder from a translation plugin
www.amcomt.com	drop	foreign commercial site (shop, manufacturer, tool, promo), language folder from a translation plugin
www.amzwires.com	drop	foreign commercial site (shop, manufacturer, tool, promo), language folder from a translation plugin
www.antmedhk.com	drop	foreign commercial site (shop, manufacturer, tool, promo), language folder from a translation plugin
www.anyworkman.com	drop	foreign commercial site (shop, manufacturer, tool, promo), language folder from a translation plugin
www.aosite.com	drop	foreign commercial site (shop, manufacturer, tool, promo), language folder from a translation plugin
www.apmprinter.com	drop	foreign commercial site (shop, manufacturer, tool, promo), language folder from a translation plugin
www.airwoods.com	drop	foreign commercial site (shop, manufacturer, tool, promo), language folder from a translation plugin
www.dongtalent.com	drop	foreign commercial site (shop, manufacturer, tool, promo), language folder from a translation plugin
www.drotrong.com	drop	foreign commercial site (shop, manufacturer, tool, promo), language folder from a translation plugin
www.cudekai.com	drop	foreign commercial site (shop, manufacturer, tool, promo), language folder from a translation plugin
www.curesuremedico.com	drop	foreign commercial site (shop, manufacturer, tool, promo), language folder from a translation plugin
www.custombagbags.com	drop	foreign commercial site (shop, manufacturer, tool, promo), language folder from a translation plugin
www.cxycaravanseat.com	drop	foreign commercial site (shop, manufacturer, tool, promo), language folder from a translation plugin
www.dfuntech.com	drop	foreign commercial site (shop, manufacturer, tool, promo), language folder from a translation plugin
www.aymetals.com	drop	foreign commercial site (shop, manufacturer, tool, promo), language folder from a translation plugin
www.bosipack.com	drop	foreign commercial site (shop, manufacturer, tool, promo), language folder from a translation plugin
www.bottlecustom.com	drop	foreign commercial site (shop, manufacturer, tool, promo), language folder from a translation plugin
www.branchleafdigital.com	drop	foreign commercial site (shop, manufacturer, tool, promo), language folder from a translation plugin
www.caerulumpharm.com	drop	foreign commercial site (shop, manufacturer, tool, promo), language folder from a translation plugin
www.dgsxltd.com	drop	foreign commercial site (shop, manufacturer, tool, promo), language folder from a translation plugin
www.dhzfitness.com	drop	foreign commercial site (shop, manufacturer, tool, promo), language folder from a translation plugin
www.dingzuncable.com	drop	foreign commercial site (shop, manufacturer, tool, promo), language folder from a translation plugin
www.dnake-global.com	drop	foreign commercial site (shop, manufacturer, tool, promo), language folder from a translation plugin
www.cake-board.com	drop	foreign commercial site (shop, manufacturer, tool, promo), language folder from a translation plugin
www.callbridge.com	drop	foreign commercial site (shop, manufacturer, tool, promo), language folder from a translation plugin
www.cangzhoufukang.com	drop	foreign commercial site (shop, manufacturer, tool, promo), language folder from a translation plugin
www.carolhardware.com	drop	foreign commercial site (shop, manufacturer, tool, promo), language folder from a translation plugin
www.casperggroup.com	drop	foreign commercial site (shop, manufacturer, tool, promo), language folder from a translation plugin
www.ccawire.com	drop	foreign commercial site (shop, manufacturer, tool, promo), language folder from a translation plugin
www.boffurnishing.com	drop	foreign commercial site (shop, manufacturer, tool, promo), language folder from a translation plugin
www.borandrones.com	drop	foreign commercial site (shop, manufacturer, tool, promo), language folder from a translation plugin
www.cnheking.com	drop	foreign commercial site (shop, manufacturer, tool, promo), language folder from a translation plugin
www.cnjnaturalcolors.com	drop	foreign commercial site (shop, manufacturer, tool, promo), language folder from a translation plugin
www.cnmyglasses.com	drop	foreign commercial site (shop, manufacturer, tool, promo), language folder from a translation plugin
www.cnnewerapack.com	drop	foreign commercial site (shop, manufacturer, tool, promo), language folder from a translation plugin
www.cnrfconnector.com	drop	foreign commercial site (shop, manufacturer, tool, promo), language folder from a translation plugin
www.cofeshower.com	drop	foreign commercial site (shop, manufacturer, tool, promo), language folder from a translation plugin
www.forgedmoly.com	drop	foreign commercial site (shop, manufacturer, tool, promo), language folder from a translation plugin
www.fox-bio.com	drop	foreign commercial site (shop, manufacturer, tool, promo), language folder from a translation plugin
www.chenweiliang.com	drop	foreign commercial site (shop, manufacturer, tool, promo), language folder from a translation plugin
www.dgkayrun.com	drop	foreign commercial site (shop, manufacturer, tool, promo), language folder from a translation plugin
www.coligen.com	drop	foreign commercial site (shop, manufacturer, tool, promo), language folder from a translation plugin
www.comflyfun.com	drop	foreign commercial site (shop, manufacturer, tool, promo), language folder from a translation plugin
www.coolerchina.com	drop	foreign commercial site (shop, manufacturer, tool, promo), language folder from a translation plugin
www.cpshzymachine.com	drop	foreign commercial site (shop, manufacturer, tool, promo), language folder from a translation plugin
www.crawlerundercarriage.com	drop	foreign commercial site (shop, manufacturer, tool, promo), language folder from a translation plugin
www.csdownload.lt	drop	foreign commercial site (shop, manufacturer, tool, promo), language folder from a translation plugin
www.chinaqglaser.com	drop	foreign commercial site (shop, manufacturer, tool, promo), language folder from a translation plugin
www.chinasprayer.com	drop	foreign commercial site (shop, manufacturer, tool, promo), language folder from a translation plugin
www.chiswear.com	drop	foreign commercial site (shop, manufacturer, tool, promo), language folder from a translation plugin
www.cktpcba.com	drop	foreign commercial site (shop, manufacturer, tool, promo), language folder from a translation plugin
www.cdjxltech.com	drop	foreign commercial site (shop, manufacturer, tool, promo), language folder from a translation plugin
www.chainscn.com	drop	foreign commercial site (shop, manufacturer, tool, promo), language folder from a translation plugin
www.chdlv.com	drop	foreign commercial site (shop, manufacturer, tool, promo), language folder from a translation plugin
www.chefanauto.com	drop	foreign commercial site (shop, manufacturer, tool, promo), language folder from a translation plugin
www.aitohumanconverter.co	drop	foreign commercial site (shop, manufacturer, tool, promo), language folder from a translation plugin
www.aitranslator.com	drop	foreign commercial site (shop, manufacturer, tool, promo), language folder from a translation plugin
www.alexandercharlestutoring.com	drop	foreign commercial site (shop, manufacturer, tool, promo), language folder from a translation plugin
www.alltechbuzz.net	drop	foreign commercial site (shop, manufacturer, tool, promo), language folder from a translation plugin
www.alpha-lifetech.com	drop	foreign commercial site (shop, manufacturer, tool, promo), language folder from a translation plugin
www.aluminium-supply.com	drop	foreign commercial site (shop, manufacturer, tool, promo), language folder from a translation plugin
www.chinaaustar.com	drop	foreign commercial site (shop, manufacturer, tool, promo), language folder from a translation plugin
www.chinacoinsandpins.com	drop	foreign commercial site (shop, manufacturer, tool, promo), language folder from a translation plugin
www.happymould.com	drop	foreign commercial site (shop, manufacturer, tool, promo), language folder from a translation plugin
www.gpmajormfg.com	drop	foreign commercial site (shop, manufacturer, tool, promo), language folder from a translation plugin
www.grantongiants.com	drop	foreign commercial site (shop, manufacturer, tool, promo), language folder from a translation plugin
www.greatceramic.com	drop	foreign commercial site (shop, manufacturer, tool, promo), language folder from a translation plugin
www.acereare-ele.com	drop	foreign commercial site (shop, manufacturer, tool, promo), language folder from a translation plugin
upvoterocket.com	drop	foreign commercial site (shop, manufacturer, tool, promo), language folder from a translation plugin
vakantio.de	drop	foreign commercial site (shop, manufacturer, tool, promo), language folder from a translation plugin
valleycities.org	drop	foreign commercial site (shop, manufacturer, tool, promo), language folder from a translation plugin
www.ebuyplc.com	drop	foreign commercial site (shop, manufacturer, tool, promo), language folder from a translation plugin
www.ecoo-steam.com	drop	foreign commercial site (shop, manufacturer, tool, promo), language folder from a translation plugin
www.electronicadhesive.com	drop	foreign commercial site (shop, manufacturer, tool, promo), language folder from a translation plugin
www.gremountint.com	drop	foreign commercial site (shop, manufacturer, tool, promo), language folder from a translation plugin
www.gshousinggroup.com	drop	foreign commercial site (shop, manufacturer, tool, promo), language folder from a translation plugin
www.guldkannan.se	drop	foreign commercial site (shop, manufacturer, tool, promo), language folder from a translation plugin
www.guoguangelectric.com	drop	foreign commercial site (shop, manufacturer, tool, promo), language folder from a translation plugin
www.gzbeloved.com	drop	foreign commercial site (shop, manufacturer, tool, promo), language folder from a translation plugin
www.fanchinspection.com	drop	foreign commercial site (shop, manufacturer, tool, promo), language folder from a translation plugin
www.fcemolding.com	drop	foreign commercial site (shop, manufacturer, tool, promo), language folder from a translation plugin
www.enzerbuilding.com	drop	foreign commercial site (shop, manufacturer, tool, promo), language folder from a translation plugin
www.eventsinpixels.com	drop	foreign commercial site (shop, manufacturer, tool, promo), language folder from a translation plugin
www.everhealgroup.com	drop	foreign commercial site (shop, manufacturer, tool, promo), language folder from a translation plugin
www.dtechdmi.com	drop	foreign commercial site (shop, manufacturer, tool, promo), language folder from a translation plugin
www.dytopvalve.com	drop	foreign commercial site (shop, manufacturer, tool, promo), language folder from a translation plugin
www.eatware.com	drop	foreign commercial site (shop, manufacturer, tool, promo), language folder from a translation plugin
www.foyeauto-pc.com	drop	foreign commercial site (shop, manufacturer, tool, promo), language folder from a translation plugin
www.frankstartech.com	drop	foreign commercial site (shop, manufacturer, tool, promo), language folder from a translation plugin
www.freezedrycoffee.com	drop	foreign commercial site (shop, manufacturer, tool, promo), language folder from a translation plugin
www.eworldsino.com	drop	foreign commercial site (shop, manufacturer, tool, promo), language folder from a translation plugin
www.eycgenerator.com	drop	foreign commercial site (shop, manufacturer, tool, promo), language folder from a translation plugin
www.ezonehardware.com	drop	foreign commercial site (shop, manufacturer, tool, promo), language folder from a translation plugin
www.f2bhardware.com	drop	foreign commercial site (shop, manufacturer, tool, promo), language folder from a translation plugin
www.fadsol.com	drop	foreign commercial site (shop, manufacturer, tool, promo), language folder from a translation plugin
www.frtgraphite.com	drop	foreign commercial site (shop, manufacturer, tool, promo), language folder from a translation plugin
www.fsdalle.com	drop	foreign commercial site (shop, manufacturer, tool, promo), language folder from a translation plugin
www.fsmwafer.com	drop	foreign commercial site (shop, manufacturer, tool, promo), language folder from a translation plugin
www.fymcteck.com	drop	foreign commercial site (shop, manufacturer, tool, promo), language folder from a translation plugin
www.galuxtech.com	drop	foreign commercial site (shop, manufacturer, tool, promo), language folder from a translation plugin
www.galvestoncountyfoodbank.org	keep	US food bank, published language-help pages
www.hyasen.com	drop	foreign commercial site (shop, manufacturer, tool, promo), language folder from a translation plugin
www.hyrubbers.com	drop	foreign commercial site (shop, manufacturer, tool, promo), language folder from a translation plugin
www.asicminersupplier.com	drop	foreign commercial site (shop, manufacturer, tool, promo), language folder from a translation plugin
www.audio2edit.com	drop	foreign commercial site (shop, manufacturer, tool, promo), language folder from a translation plugin
www.ausek.com	drop	foreign commercial site (shop, manufacturer, tool, promo), language folder from a translation plugin
www.ganlion.com	drop	foreign commercial site (shop, manufacturer, tool, promo), language folder from a translation plugin
www.gatortrack.com	drop	foreign commercial site (shop, manufacturer, tool, promo), language folder from a translation plugin
www.gdsoyoung.com	drop	foreign commercial site (shop, manufacturer, tool, promo), language folder from a translation plugin
www.getwox.com	drop	foreign commercial site (shop, manufacturer, tool, promo), language folder from a translation plugin
www.gofernpower.com	drop	foreign commercial site (shop, manufacturer, tool, promo), language folder from a translation plugin
txmixing.com	drop	foreign commercial site (shop, manufacturer, tool, promo), language folder from a translation plugin
www.bangbaodiaper.com	drop	foreign commercial site (shop, manufacturer, tool, promo), language folder from a translation plugin
www.bei.edu	drop	foreign commercial site (shop, manufacturer, tool, promo), language folder from a translation plugin
www.bestcartonmachine.com	drop	foreign commercial site (shop, manufacturer, tool, promo), language folder from a translation plugin
www.besteflon.com	drop	foreign commercial site (shop, manufacturer, tool, promo), language folder from a translation plugin
www.bhkylin.com	drop	foreign commercial site (shop, manufacturer, tool, promo), language folder from a translation plugin
www.blockguard.app	drop	foreign commercial site (shop, manufacturer, tool, promo), language folder from a translation plugin
www.bluegoldcleaners.com	drop	foreign commercial site (shop, manufacturer, tool, promo), language folder from a translation plugin
valveknowledge.jscepai.com	drop	foreign commercial site (shop, manufacturer, tool, promo), language folder from a translation plugin
vigorun.cn	drop	foreign commercial site (shop, manufacturer, tool, promo), language folder from a translation plugin
watch.immunizationacademy.com	keep	health-worker training videos, Hausa transcripts
toolpub.com	drop	foreign commercial site (shop, manufacturer, tool, promo), language folder from a translation plugin
training.farmradio.fm	keep	Farm Radio International, Hausa radio scripts
transparency.meta.com	keep	Meta policy pages, localised by Meta for Nigeria
treasurehymns.com	keep	Hausa hymn book, human text
tronrental.com	drop	foreign commercial site (shop, manufacturer, tool, promo), language folder from a translation plugin
www.kangtontools.com	drop	foreign commercial site (shop, manufacturer, tool, promo), language folder from a translation plugin
www.kastar-adhesive.com	drop	foreign commercial site (shop, manufacturer, tool, promo), language folder from a translation plugin
www.kemingintelligent.com	drop	foreign commercial site (shop, manufacturer, tool, promo), language folder from a translation plugin
www.kentepower.com	drop	foreign commercial site (shop, manufacturer, tool, promo), language folder from a translation plugin
www.key-healthy.com	drop	foreign commercial site (shop, manufacturer, tool, promo), language folder from a translation plugin
www.joinetmodule.com	drop	foreign commercial site (shop, manufacturer, tool, promo), language folder from a translation plugin
www.jslschemical.com	drop	foreign commercial site (shop, manufacturer, tool, promo), language folder from a translation plugin
www.july-sports.com	drop	foreign commercial site (shop, manufacturer, tool, promo), language folder from a translation plugin
www.hbxg-bulldozer.com	drop	foreign commercial site (shop, manufacturer, tool, promo), language folder from a translation plugin
www.hcmachineryparts.com	drop	foreign commercial site (shop, manufacturer, tool, promo), language folder from a translation plugin
www.hebeiequipment.com	drop	foreign commercial site (shop, manufacturer, tool, promo), language folder from a translation plugin
www.hebeiminmetal.com	drop	foreign commercial site (shop, manufacturer, tool, promo), language folder from a translation plugin
www.hemoled.com	drop	foreign commercial site (shop, manufacturer, tool, promo), language folder from a translation plugin
www.hfmetalroof.com	drop	foreign commercial site (shop, manufacturer, tool, promo), language folder from a translation plugin
www.hgbearings.com	drop	foreign commercial site (shop, manufacturer, tool, promo), language folder from a translation plugin
www.kangton.com	drop	foreign commercial site (shop, manufacturer, tool, promo), language folder from a translation plugin
www.huisongpharm.com	drop	foreign commercial site (shop, manufacturer, tool, promo), language folder from a translation plugin
www.hipromos.com	drop	foreign commercial site (shop, manufacturer, tool, promo), language folder from a translation plugin
www.hlinsectscreen.com	drop	foreign commercial site (shop, manufacturer, tool, promo), language folder from a translation plugin
www.hlm-transaxle.com	drop	foreign commercial site (shop, manufacturer, tool, promo), language folder from a translation plugin
www.homecincy.org	drop	foreign commercial site (shop, manufacturer, tool, promo), language folder from a translation plugin
www.hometimefactory.com	drop	foreign commercial site (shop, manufacturer, tool, promo), language folder from a translation plugin
www.hongjin-group.net	drop	foreign commercial site (shop, manufacturer, tool, promo), language folder from a translation plugin
www.hongxinaiot.com	drop	foreign commercial site (shop, manufacturer, tool, promo), language folder from a translation plugin
www.hysum.com	drop	foreign commercial site (shop, manufacturer, tool, promo), language folder from a translation plugin
www.iamwanda.org	drop	foreign commercial site (shop, manufacturer, tool, promo), language folder from a translation plugin
www.iechocutter.com	drop	foreign commercial site (shop, manufacturer, tool, promo), language folder from a translation plugin
www.ihpmc.com	drop	foreign commercial site (shop, manufacturer, tool, promo), language folder from a translation plugin
www.hopeincn.com	drop	foreign commercial site (shop, manufacturer, tool, promo), language folder from a translation plugin
www.hoyeahchina.com	drop	foreign commercial site (shop, manufacturer, tool, promo), language folder from a translation plugin
www.huafumelamine.com	drop	foreign commercial site (shop, manufacturer, tool, promo), language folder from a translation plugin
www.huayisport.com	drop	foreign commercial site (shop, manufacturer, tool, promo), language folder from a translation plugin
www.kachicncmachining.com	drop	foreign commercial site (shop, manufacturer, tool, promo), language folder from a translation plugin
www.jdlheatpump.com	drop	foreign commercial site (shop, manufacturer, tool, promo), language folder from a translation plugin
www.jgledlight.com	drop	foreign commercial site (shop, manufacturer, tool, promo), language folder from a translation plugin
www.jiezoupower.com	drop	foreign commercial site (shop, manufacturer, tool, promo), language folder from a translation plugin
www.jinbinvalve.com	drop	foreign commercial site (shop, manufacturer, tool, promo), language folder from a translation plugin
www.jiyueka.com	drop	foreign commercial site (shop, manufacturer, tool, promo), language folder from a translation plugin
www.jktrafficlight.com	drop	foreign commercial site (shop, manufacturer, tool, promo), language folder from a translation plugin
www.iisdoodesign.com	drop	foreign commercial site (shop, manufacturer, tool, promo), language folder from a translation plugin
www.aierfuke.com	drop	foreign commercial site (shop, manufacturer, tool, promo), language folder from a translation plugin
webcam-test.com	drop	foreign commercial site (shop, manufacturer, tool, promo), language folder from a translation plugin
with-allah.com	keep	Islamic teaching site with Hausa section
www.1-14.info	drop	foreign commercial site (shop, manufacturer, tool, promo), language folder from a translation plugin
www.3dfastform.com	drop	foreign commercial site (shop, manufacturer, tool, promo), language folder from a translation plugin
www.666toy.com	drop	foreign commercial site (shop, manufacturer, tool, promo), language folder from a translation plugin
www.a1packing.com	drop	foreign commercial site (shop, manufacturer, tool, promo), language folder from a translation plugin
www.ace-biomedical.com	drop	foreign commercial site (shop, manufacturer, tool, promo), language folder from a translation plugin
quiga.io	drop	foreign commercial site (shop, manufacturer, tool, promo), language folder from a translation plugin
p.finance	drop	foreign commercial site (shop, manufacturer, tool, promo), language folder from a translation plugin
paintballfire.com	drop	foreign commercial site (shop, manufacturer, tool, promo), language folder from a translation plugin
www.ackmiebags.com	drop	foreign commercial site (shop, manufacturer, tool, promo), language folder from a translation plugin
www.adhesivesmanufacturer.com	drop	foreign commercial site (shop, manufacturer, tool, promo), language folder from a translation plugin
www.aggpower.com	drop	foreign commercial site (shop, manufacturer, tool, promo), language folder from a translation plugin
www.ags-industrial.com	drop	foreign commercial site (shop, manufacturer, tool, promo), language folder from a translation plugin
www.aicredits.co	drop	foreign commercial site (shop, manufacturer, tool, promo), language folder from a translation plugin
www.junnansteelstructure.com	drop	foreign commercial site (shop, manufacturer, tool, promo), language folder from a translation plugin
www.junyi-laser.com	drop	foreign commercial site (shop, manufacturer, tool, promo), language folder from a translation plugin
scale.codethoi.com	drop	foreign commercial site (shop, manufacturer, tool, promo), language folder from a translation plugin
profitserver.net	drop	foreign commercial site (shop, manufacturer, tool, promo), language folder from a translation plugin
purpendicular.eu	drop	foreign commercial site (shop, manufacturer, tool, promo), language folder from a translation plugin
pvgis.com	drop	foreign commercial site (shop, manufacturer, tool, promo), language folder from a translation plugin
pvplive.net	drop	foreign commercial site (shop, manufacturer, tool, promo), language folder from a translation plugin
qazvin.iqna.ir	keep	IQNA regional desk, Hausa news
www.kf-motor.com	drop	foreign commercial site (shop, manufacturer, tool, promo), language folder from a translation plugin
www.kingsjengplastic.com	drop	foreign commercial site (shop, manufacturer, tool, promo), language folder from a translation plugin
www.kiwoitoafricasafaris.com	drop	foreign commercial site (shop, manufacturer, tool, promo), language folder from a translation plugin
www.krmlabto.com	drop	foreign commercial site (shop, manufacturer, tool, promo), language folder from a translation plugin
www.kwlid.com	drop	foreign commercial site (shop, manufacturer, tool, promo), language folder from a translation plugin
www.mosmovape.com	drop	foreign commercial site (shop, manufacturer, tool, promo), language folder from a translation plugin
www.motaimachine.com	drop	foreign commercial site (shop, manufacturer, tool, promo), language folder from a translation plugin
www.mrbretail.com	drop	foreign commercial site (shop, manufacturer, tool, promo), language folder from a translation plugin
www.lancism.com	drop	foreign commercial site (shop, manufacturer, tool, promo), language folder from a translation plugin
www.lannx.net	drop	foreign commercial site (shop, manufacturer, tool, promo), language folder from a translation plugin
www.lasercontrolcard.com	drop	foreign commercial site (shop, manufacturer, tool, promo), language folder from a translation plugin
www.lawyersuae.com	drop	foreign commercial site (shop, manufacturer, tool, promo), language folder from a translation plugin
www.ledaluminumfactory.com	drop	foreign commercial site (shop, manufacturer, tool, promo), language folder from a translation plugin
www.lemaxmaterials.com	drop	foreign commercial site (shop, manufacturer, tool, promo), language folder from a translation plugin
www.keychainventure.com	drop	foreign commercial site (shop, manufacturer, tool, promo), language folder from a translation plugin
www.keyplusys.com	drop	foreign commercial site (shop, manufacturer, tool, promo), language folder from a translation plugin
www.mariaadukealabi.com	keep	Yoruba author's own book page
www.lesiteweld.com	drop	foreign commercial site (shop, manufacturer, tool, promo), language folder from a translation plugin
www.lexpowertec.com	drop	foreign commercial site (shop, manufacturer, tool, promo), language folder from a translation plugin
www.limotoilet.com	drop	foreign commercial site (shop, manufacturer, tool, promo), language folder from a translation plugin
www.linghuicospkg.com	drop	foreign commercial site (shop, manufacturer, tool, promo), language folder from a translation plugin
www.liperlighting.com	drop	foreign commercial site (shop, manufacturer, tool, promo), language folder from a translation plugin
www.lishangzishoes.com	drop	foreign commercial site (shop, manufacturer, tool, promo), language folder from a translation plugin
www.lithium-battery-factory.com	drop	foreign commercial site (shop, manufacturer, tool, promo), language folder from a translation plugin
www.inlytek.com	drop	foreign commercial site (shop, manufacturer, tool, promo), language folder from a translation plugin
www.integelection.com	drop	foreign commercial site (shop, manufacturer, tool, promo), language folder from a translation plugin
www.internetcasinosites.org:2096	drop	foreign commercial site (shop, manufacturer, tool, promo), language folder from a translation plugin
www.iwavecomms.com	drop	foreign commercial site (shop, manufacturer, tool, promo), language folder from a translation plugin
www.llyflow.com	drop	foreign commercial site (shop, manufacturer, tool, promo), language folder from a translation plugin
www.longs-motor.com	drop	foreign commercial site (shop, manufacturer, tool, promo), language folder from a translation plugin
www.longxc-power.com	drop	foreign commercial site (shop, manufacturer, tool, promo), language folder from a translation plugin
www.lrccable.com	drop	foreign commercial site (shop, manufacturer, tool, promo), language folder from a translation plugin
skeletonic.com	drop	foreign commercial site (shop, manufacturer, tool, promo), language folder from a translation plugin
soundscript.ai	drop	foreign commercial site (shop, manufacturer, tool, promo), language folder from a translation plugin
streammediaplayer.com	drop	foreign commercial site (shop, manufacturer, tool, promo), language folder from a translation plugin
streamxtream.com	drop	foreign commercial site (shop, manufacturer, tool, promo), language folder from a translation plugin
remote-control-mower.com	drop	foreign commercial site (shop, manufacturer, tool, promo), language folder from a translation plugin
rollingpapers.in.th	drop	foreign commercial site (shop, manufacturer, tool, promo), language folder from a translation plugin
safe2choose.org	keep	reproductive-health NGO, professionally translated
www.medoowpc.com	drop	foreign commercial site (shop, manufacturer, tool, promo), language folder from a translation plugin
iptv-4k.live	drop	foreign commercial site (shop, manufacturer, tool, promo), language folder from a translation plugin
iptvproplayer.live	drop	foreign commercial site (shop, manufacturer, tool, promo), language folder from a translation plugin
jdconveyor.com	drop	foreign commercial site (shop, manufacturer, tool, promo), language folder from a translation plugin
junatalk.com	drop	foreign commercial site (shop, manufacturer, tool, promo), language folder from a translation plugin
scripts.farmradio.fm	keep	Farm Radio International, Hausa radio scripts
seelen.io	drop	foreign commercial site (shop, manufacturer, tool, promo), language folder from a translation plugin
semnan.iqna.ir	keep	IQNA regional desk, Hausa news
simpletv.live	drop	foreign commercial site (shop, manufacturer, tool, promo), language folder from a translation plugin
www.mis-asia.com	drop	foreign commercial site (shop, manufacturer, tool, promo), language folder from a translation plugin
www.mivimachine.com	drop	foreign commercial site (shop, manufacturer, tool, promo), language folder from a translation plugin
medialex.us	drop	foreign commercial site (shop, manufacturer, tool, promo), language folder from a translation plugin
jvxingchemical.com	drop	foreign commercial site (shop, manufacturer, tool, promo), language folder from a translation plugin
khalijefars.iqna.ir	keep	IQNA regional desk, Hausa news
kingoalmilling.com	drop	foreign commercial site (shop, manufacturer, tool, promo), language folder from a translation plugin
indigenousblogs.com	drop	foreign commercial site (shop, manufacturer, tool, promo), language folder from a translation plugin
investsudbury.ca	drop	foreign commercial site (shop, manufacturer, tool, promo), language folder from a translation plugin
www.mutongcabin.com	drop	foreign commercial site (shop, manufacturer, tool, promo), language folder from a translation plugin
www.mycolorcosmetics.com	drop	foreign commercial site (shop, manufacturer, tool, promo), language folder from a translation plugin
www.nanjingspare.com	drop	foreign commercial site (shop, manufacturer, tool, promo), language folder from a translation plugin
www.midapower.com	drop	foreign commercial site (shop, manufacturer, tool, promo), language folder from a translation plugin
www.milkaya.com	drop	foreign commercial site (shop, manufacturer, tool, promo), language folder from a translation plugin
www.millcraftools.com	drop	foreign commercial site (shop, manufacturer, tool, promo), language folder from a translation plugin
www.mimowork.com	drop	foreign commercial site (shop, manufacturer, tool, promo), language folder from a translation plugin
www.mingxueled.com	drop	foreign commercial site (shop, manufacturer, tool, promo), language folder from a translation plugin
www.nbzte.com	drop	foreign commercial site (shop, manufacturer, tool, promo), language folder from a translation plugin
www.nenwell.com	drop	foreign commercial site (shop, manufacturer, tool, promo), language folder from a translation plugin
www.seiffertindustrial.com	drop	foreign commercial site (shop, manufacturer, tool, promo), language folder from a translation plugin
www.sexysave.online	drop	foreign commercial site (shop, manufacturer, tool, promo), language folder from a translation plugin
www.sgknives.com	drop	foreign commercial site (shop, manufacturer, tool, promo), language folder from a translation plugin
www.shineeimaging.com	drop	foreign commercial site (shop, manufacturer, tool, promo), language folder from a translation plugin
www.sicerceramic.com	drop	foreign commercial site (shop, manufacturer, tool, promo), language folder from a translation plugin
www.simis-manufacturer.com	drop	foreign commercial site (shop, manufacturer, tool, promo), language folder from a translation plugin
www.nomadadventuretreks.com	drop	foreign commercial site (shop, manufacturer, tool, promo), language folder from a translation plugin
www.oalupack.com	drop	foreign commercial site (shop, manufacturer, tool, promo), language folder from a translation plugin
www.olansgz.com	drop	foreign commercial site (shop, manufacturer, tool, promo), language folder from a translation plugin
www.oucaihometextile.com	drop	foreign commercial site (shop, manufacturer, tool, promo), language folder from a translation plugin
www.oyaslinen.com	drop	foreign commercial site (shop, manufacturer, tool, promo), language folder from a translation plugin
www.nanpaoglue.com	drop	foreign commercial site (shop, manufacturer, tool, promo), language folder from a translation plugin
www.nb-fuji.com	drop	foreign commercial site (shop, manufacturer, tool, promo), language folder from a translation plugin
www.nbsenya.com	drop	foreign commercial site (shop, manufacturer, tool, promo), language folder from a translation plugin
www.prioryprimaryschool.org.uk	drop	foreign commercial site (shop, manufacturer, tool, promo), language folder from a translation plugin
www.proudrfid.com	drop	foreign commercial site (shop, manufacturer, tool, promo), language folder from a translation plugin
www.pushtester.com	drop	foreign commercial site (shop, manufacturer, tool, promo), language folder from a translation plugin
www.putainen.com	drop	foreign commercial site (shop, manufacturer, tool, promo), language folder from a translation plugin
www.qclinking.com	drop	foreign commercial site (shop, manufacturer, tool, promo), language folder from a translation plugin
www.pdf2go.com	drop	foreign commercial site (shop, manufacturer, tool, promo), language folder from a translation plugin
www.pengjintech.com	drop	foreign commercial site (shop, manufacturer, tool, promo), language folder from a translation plugin
www.njreborn.com	drop	foreign commercial site (shop, manufacturer, tool, promo), language folder from a translation plugin
www.melikeysiliconeteethers.com	drop	foreign commercial site (shop, manufacturer, tool, promo), language folder from a translation plugin
www.metalbracketpro.com	drop	foreign commercial site (shop, manufacturer, tool, promo), language folder from a translation plugin
www.maxunele.com	drop	foreign commercial site (shop, manufacturer, tool, promo), language folder from a translation plugin
www.mclpanel.com	drop	foreign commercial site (shop, manufacturer, tool, promo), language folder from a translation plugin
www.mcmedicallight.com	drop	foreign commercial site (shop, manufacturer, tool, promo), language folder from a translation plugin
www.mecanmedical.com	drop	foreign commercial site (shop, manufacturer, tool, promo), language folder from a translation plugin
www.medke.com	drop	foreign commercial site (shop, manufacturer, tool, promo), language folder from a translation plugin
www.medodecor.com	drop	foreign commercial site (shop, manufacturer, tool, promo), language folder from a translation plugin
www.synwinchina.com	drop	foreign commercial site (shop, manufacturer, tool, promo), language folder from a translation plugin
www.sz-sinomedevice.com	drop	foreign commercial site (shop, manufacturer, tool, promo), language folder from a translation plugin
www.szkoumya.com	drop	foreign commercial site (shop, manufacturer, tool, promo), language folder from a translation plugin
www.techikgroup.com	drop	foreign commercial site (shop, manufacturer, tool, promo), language folder from a translation plugin
www.starscontainerhouse.com	drop	foreign commercial site (shop, manufacturer, tool, promo), language folder from a translation plugin
www.staxxforklift.com	drop	foreign commercial site (shop, manufacturer, tool, promo), language folder from a translation plugin
www.succeeder.com	drop	foreign commercial site (shop, manufacturer, tool, promo), language folder from a translation plugin
www.suncgroup.com	drop	foreign commercial site (shop, manufacturer, tool, promo), language folder from a translation plugin
www.rafsun.com	drop	foreign commercial site (shop, manufacturer, tool, promo), language folder from a translation plugin
www.rapidmades.com	drop	foreign commercial site (shop, manufacturer, tool, promo), language folder from a translation plugin
www.raytoolsglobal.com	drop	foreign commercial site (shop, manufacturer, tool, promo), language folder from a translation plugin
www.rehumanizeintl.org	drop	foreign commercial site (shop, manufacturer, tool, promo), language folder from a translation plugin
www.superstarpiercing.com	drop	foreign commercial site (shop, manufacturer, tool, promo), language folder from a translation plugin
www.swlcn.com	drop	foreign commercial site (shop, manufacturer, tool, promo), language folder from a translation plugin
www.sy-ledlighting.com	drop	foreign commercial site (shop, manufacturer, tool, promo), language folder from a translation plugin
www.sydauto.com	drop	foreign commercial site (shop, manufacturer, tool, promo), language folder from a translation plugin
www.richwood-flooring.com	drop	foreign commercial site (shop, manufacturer, tool, promo), language folder from a translation plugin
www.royurbankollection.com	drop	foreign commercial site (shop, manufacturer, tool, promo), language folder from a translation plugin
www.rshvmech.com	drop	foreign commercial site (shop, manufacturer, tool, promo), language folder from a translation plugin
www.rtgastreat.com	drop	foreign commercial site (shop, manufacturer, tool, promo), language folder from a translation plugin
www.qualfiber.com	drop	foreign commercial site (shop, manufacturer, tool, promo), language folder from a translation plugin
www.qualitywetwipes.com	drop	foreign commercial site (shop, manufacturer, tool, promo), language folder from a translation plugin
www.quranwidget.com	drop	foreign commercial site (shop, manufacturer, tool, promo), language folder from a translation plugin
www.radobiolab.com	drop	foreign commercial site (shop, manufacturer, tool, promo), language folder from a translation plugin
www.runlongfragrance.com	drop	foreign commercial site (shop, manufacturer, tool, promo), language folder from a translation plugin
www.sailon-can.com	drop	foreign commercial site (shop, manufacturer, tool, promo), language folder from a translation plugin
www.sajoo-switch.com	drop	foreign commercial site (shop, manufacturer, tool, promo), language folder from a translation plugin
www.sanjingchemglass.com	drop	foreign commercial site (shop, manufacturer, tool, promo), language folder from a translation plugin
www.sbssibo.com	drop	foreign commercial site (shop, manufacturer, tool, promo), language folder from a translation plugin
www.scbathware.com	drop	foreign commercial site (shop, manufacturer, tool, promo), language folder from a translation plugin
www.seenline.com	drop	foreign commercial site (shop, manufacturer, tool, promo), language folder from a translation plugin
www.rgsteelfactory.com	drop	foreign commercial site (shop, manufacturer, tool, promo), language folder from a translation plugin
www.topfeelpack.com	drop	foreign commercial site (shop, manufacturer, tool, promo), language folder from a translation plugin
www.topfitech.com	drop	foreign commercial site (shop, manufacturer, tool, promo), language folder from a translation plugin
www.xinsupsu.com	drop	foreign commercial site (shop, manufacturer, tool, promo), language folder from a translation plugin
www.video2edit.com	drop	foreign commercial site (shop, manufacturer, tool, promo), language folder from a translation plugin
www.vitrodisplay.com	drop	foreign commercial site (shop, manufacturer, tool, promo), language folder from a translation plugin
www.wholesaleladyclothing.com	drop	foreign commercial site (shop, manufacturer, tool, promo), language folder from a translation plugin
www.worldrecordcertification.com	drop	foreign commercial site (shop, manufacturer, tool, promo), language folder from a translation plugin
www.wxhxh.com	drop	foreign commercial site (shop, manufacturer, tool, promo), language folder from a translation plugin
www.tsxscreen.com	drop	foreign commercial site (shop, manufacturer, tool, promo), language folder from a translation plugin
www.tubeoffline.xyz	drop	foreign commercial site (shop, manufacturer, tool, promo), language folder from a translation plugin
www.tubularpiles.com	drop	foreign commercial site (shop, manufacturer, tool, promo), language folder from a translation plugin
www.ultrasounddawei.com	drop	foreign commercial site (shop, manufacturer, tool, promo), language folder from a translation plugin
www.umratech.com	drop	foreign commercial site (shop, manufacturer, tool, promo), language folder from a translation plugin
www.unitemaker.com	drop	foreign commercial site (shop, manufacturer, tool, promo), language folder from a translation plugin
www.topallgroup.com	drop	foreign commercial site (shop, manufacturer, tool, promo), language folder from a translation plugin
www.topcnccutters.com	drop	foreign commercial site (shop, manufacturer, tool, promo), language folder from a translation plugin
www.sinsunfastener.com	drop	foreign commercial site (shop, manufacturer, tool, promo), language folder from a translation plugin
www.slcoating.com	drop	foreign commercial site (shop, manufacturer, tool, promo), language folder from a translation plugin
www.slgearmotor.com	drop	foreign commercial site (shop, manufacturer, tool, promo), language folder from a translation plugin
www.sltzz.com	drop	foreign commercial site (shop, manufacturer, tool, promo), language folder from a translation plugin
www.smarcamp.com	drop	foreign commercial site (shop, manufacturer, tool, promo), language folder from a translation plugin
www.solaranamnesis.pub	drop	foreign commercial site (shop, manufacturer, tool, promo), language folder from a translation plugin
www.towardselevator.com	drop	foreign commercial site (shop, manufacturer, tool, promo), language folder from a translation plugin
www.tramigosourcing.com	drop	foreign commercial site (shop, manufacturer, tool, promo), language folder from a translation plugin
www.sunlyspc.com	drop	foreign commercial site (shop, manufacturer, tool, promo), language folder from a translation plugin
www.sosouthernsoundkits.com	drop	foreign commercial site (shop, manufacturer, tool, promo), language folder from a translation plugin
www.sostapi.com	drop	foreign commercial site (shop, manufacturer, tool, promo), language folder from a translation plugin
www.spxelectric.com	drop	foreign commercial site (shop, manufacturer, tool, promo), language folder from a translation plugin
www.squidproxies.com	drop	foreign commercial site (shop, manufacturer, tool, promo), language folder from a translation plugin
www.srisensor.com	drop	foreign commercial site (shop, manufacturer, tool, promo), language folder from a translation plugin
www.ssfloordrain.com	drop	foreign commercial site (shop, manufacturer, tool, promo), language folder from a translation plugin
www.sinotxj.com	drop	foreign commercial site (shop, manufacturer, tool, promo), language folder from a translation plugin
brownnoise.com	drop	foreign commercial site (shop, manufacturer, tool, promo), language folder from a translation plugin
3dcoat.com	drop	foreign commercial site (shop, manufacturer, tool, promo), language folder from a translation plugin
cnmtrollformingmachinery.com	drop	foreign commercial site (shop, manufacturer, tool, promo), language folder from a translation plugin
coinyep.com	drop	foreign commercial site (shop, manufacturer, tool, promo), language folder from a translation plugin
constructive-voices.com	keep	Igbo-language essay site, human author
ctcase.com	drop	foreign commercial site (shop, manufacturer, tool, promo), language folder from a translation plugin
custombulkbag.com	drop	foreign commercial site (shop, manufacturer, tool, promo), language folder from a translation plugin
www.yaboautomated.com	drop	foreign commercial site (shop, manufacturer, tool, promo), language folder from a translation plugin
aimifiber.com	drop	foreign commercial site (shop, manufacturer, tool, promo), language folder from a translation plugin
africa.scalefibre.com	drop	foreign commercial site (shop, manufacturer, tool, promo), language folder from a translation plugin
academy.noorinternational.net	keep	Quran teaching curriculum in Hausa
drugsinc.eu	drop	foreign commercial site (shop, manufacturer, tool, promo), language folder from a translation plugin
abcgone.com	drop	foreign commercial site (shop, manufacturer, tool, promo), language folder from a translation plugin
en.sunleem.com	drop	foreign commercial site (shop, manufacturer, tool, promo), language folder from a translation plugin
5ha.net	drop	foreign commercial site (shop, manufacturer, tool, promo), language folder from a translation plugin
evenda.io	drop	foreign commercial site (shop, manufacturer, tool, promo), language folder from a translation plugin
www.yuenerbiotech.com	drop	foreign commercial site (shop, manufacturer, tool, promo), language folder from a translation plugin
www.yunlinplushtoys.com	drop	foreign commercial site (shop, manufacturer, tool, promo), language folder from a translation plugin
www.yuyeelectric.com	drop	foreign commercial site (shop, manufacturer, tool, promo), language folder from a translation plugin
www.yzgdleddisplay.com	drop	foreign commercial site (shop, manufacturer, tool, promo), language folder from a translation plugin
www.zbaolang.com	drop	foreign commercial site (shop, manufacturer, tool, promo), language folder from a translation plugin
www.zenithurbanlight.com	drop	foreign commercial site (shop, manufacturer, tool, promo), language folder from a translation plugin
www.zhengyikitchenware.com	drop	foreign commercial site (shop, manufacturer, tool, promo), language folder from a translation plugin
great-ocean-waterproof.com	drop	foreign commercial site (shop, manufacturer, tool, promo), language folder from a translation plugin
www.tianjierouter.com	drop	foreign commercial site (shop, manufacturer, tool, promo), language folder from a translation plugin
www.zhenhuavac.com	drop	foreign commercial site (shop, manufacturer, tool, promo), language folder from a translation plugin
www.zhonganindustry.com	drop	foreign commercial site (shop, manufacturer, tool, promo), language folder from a translation plugin
www.zqusedtowercrane.com	drop	foreign commercial site (shop, manufacturer, tool, promo), language folder from a translation plugin
www.ztjpack.com	drop	foreign commercial site (shop, manufacturer, tool, promo), language folder from a translation plugin
www.zztestchamber.com	drop	foreign commercial site (shop, manufacturer, tool, promo), language folder from a translation plugin
xtream.cloud	drop	foreign commercial site (shop, manufacturer, tool, promo), language folder from a translation plugin
breezetranslate.com	drop	foreign commercial site (shop, manufacturer, tool, promo), language folder from a translation plugin
hoteliptvsolution.com	drop	foreign commercial site (shop, manufacturer, tool, promo), language folder from a translation plugin
fars.iqna.ir	keep	IQNA regional desk, Hausa news
fitnessdergisi.com	drop	foreign commercial site (shop, manufacturer, tool, promo), language folder from a translation plugin
forexrate.org	drop	foreign commercial site (shop, manufacturer, tool, promo), language folder from a translation plugin
freexxxvideos.click	drop	foreign commercial site (shop, manufacturer, tool, promo), language folder from a translation plugin
game.rqdev.com	drop	foreign commercial site (shop, manufacturer, tool, promo), language folder from a translation plugin
gloryadventure.com	drop	foreign commercial site (shop, manufacturer, tool, promo), language folder from a translation plugin
www.chilinglab.com	drop	foreign commercial site (shop, manufacturer, tool, promo), language folder from a translation plugin
www.yjneedleloom.com	drop	foreign commercial site (shop, manufacturer, tool, promo), language folder from a translation plugin
www.yoemma.com	drop	foreign commercial site (shop, manufacturer, tool, promo), language folder from a translation plugin
www.yokeytek.com	drop	foreign commercial site (shop, manufacturer, tool, promo), language folder from a translation plugin
www.yongyu.com	drop	foreign commercial site (shop, manufacturer, tool, promo), language folder from a translation plugin
hardwareprecision.com	drop	foreign commercial site (shop, manufacturer, tool, promo), language folder from a translation plugin
hfspray.com	drop	foreign commercial site (shop, manufacturer, tool, promo), language folder from a translation plugin
hosepneumatic.com	drop	foreign commercial site (shop, manufacturer, tool, promo), language folder from a translation plugin
hostex.io	drop	foreign software/tool site, machine-translated
www.youlitrolley.com	drop	foreign commercial site (shop, manufacturer, tool, promo), language folder from a translation plugin
www.ypak-packaging.com	drop	foreign commercial site (shop, manufacturer, tool, promo), language folder from a translation plugin
www.yrbeautyactives.com	drop	foreign commercial site (shop, manufacturer, tool, promo), language folder from a translation plugin
www.yuchengmachine.com	drop	foreign commercial site (shop, manufacturer, tool, promo), language folder from a translation plugin
www.yihui-press.com	drop	foreign commercial site (shop, manufacturer, tool, promo), language folder from a translation plugin
www.yikangmedical.com	drop	foreign commercial site (shop, manufacturer, tool, promo), language folder from a translation plugin
www.yilievabox.com	drop	foreign commercial site (shop, manufacturer, tool, promo), language folder from a translation plugin
www.yinwodehats.com	drop	foreign commercial site (shop, manufacturer, tool, promo), language folder from a translation plugin
www.yatohandtools.com	drop	foreign commercial site (shop, manufacturer, tool, promo), language folder from a translation plugin
www.xichielectric.com	drop	foreign commercial site (shop, manufacturer, tool, promo), language folder from a translation plugin
www.xikooaircooler.com	drop	foreign commercial site (shop, manufacturer, tool, promo), language folder from a translation plugin
www.xindali.com	drop	foreign commercial site (shop, manufacturer, tool, promo), language folder from a translation plugin
www.xindamotor.com	drop	foreign commercial site (shop, manufacturer, tool, promo), language folder from a translation plugin
www.zhenhua-machinery.com	drop	foreign commercial site (shop, manufacturer, tool, promo), language folder from a translation plugin
www.yotai.com	drop	foreign commercial site (shop, manufacturer, tool, promo), language folder from a translation plugin
www.youdohardware.com	drop	foreign commercial site (shop, manufacturer, tool, promo), language folder from a translation plugin
